salt,address
0xbac9ffc11706e43fc99b219fe9d7929ee014f45ee2582dbb40c6c0597341737e,0x0000AF69da1932e10CDD28Ce58645461406eAb0f
0x237c66173604f4013be0553d6566477a29c68e4a8ce2f27647b0facaf911f68f,0x000075A641162B00339A712F92aa195Df3aFdD9f
0x405533453ccf479b989391a5cb5d8ac6a3b71a7a0a747c30e23661b682a6a5fa,0x000025b74dD6843B0a7Eb1BE470aD7A334d82173
0x2c02243f49184b783543e8a6ab4729b125503db1bc4c32e006b0a2add13b257d,0x0000bE5b76851Bd33914747a9e7a79F3b2136911
0xea65451f4dd23ca61b29064336eb1983053ecc021ad087587289924f91406ebd,0x00003815AA13908d5DEfeE88BBD9331e3bE9a99a
0xc5ef48d68e7cd499114c89c7b87c1e9d8ac93e28e86153606517faf76705d9f7,0x00001962c4D9b884DD0eD23604e8f61C87f7BdeF
0x8dc62eb507f72a42d4bf1f2f4e3978ffa9054e6197d26eaf208ebe29cd69bc00,0x0000B82F0af48805D563B1EAcC199a80092EC548
0xf14a20a8ed74ed062d42a4202c7a22c1370519aa4ede477ec5d677b115c5c8ca,0x0000C34043B57eCF9F1eA8d40EFbE46Dc9046fBE
0xd5e10fc612360296fc58de9985073d041136266a2eb1d6e06e194080e01ad752,0x000068a5e77a5627739299a0F7b768d98DA75C3c
0xef321416dcbf70382db59f51a375ed17a1ac2e1f6b32954b30a5bb90494b632d,0x0000AB0B2f06aA5DDc4A2e772cEaeC49EbaaC354
0x0c860d0ffdff3b796c9fe1372fd8f38aae59ac13341ea9bba2c4d96e40e65ad1,0x0000692A64284b84cF9B60dC179f14aE05e19033
0xddb034856afd4ecc3d04c1b0edd2f9c6631f0f137ba0abe0d20f722a19957c54,0x00006D9E42C5eDB034d41B01a1a0aA1C2bD83756
0x70eb33dbaffa5ebfe39499b1206e773685dcd3370d749e45eefad2343c707d0a,0x00001e535701290B75E5EbF074e711Bdef6526c8
0x7e7444f244ef4b1d2ce04933ec74ea03a0f29fb5b6e37bca8391261be106ebba,0x00004C1f3D1E07b5514b1142E5130ae9c6bc7bAd
0xbe5cab751821c2be87e3482cabe133d4710e7cc35df55c3f7354f55cb4db77a3,0x00007324afBbbC74386F73b5DB978F8768AF35F2
0x346307dc658bc602a5140c4514f28357ab5724678aab459d8bb2c95c2875f684,0x0000E0B2b254325550984fE09b9b2b9c491D7948
0x2f3d932ca2c8bba1fcbe9f7b7e5e443ced40f46e1faffebb7300c1e881638488,0x0000DC5834a61Bd819fa7C1A45Df923eCd301FaF
0x6e1ee9d5b95e5cbc4265b9bea9911d13f566a1f9e55d52c85fe80fb9451c60d1,0x00008FEa2e043b17602EE3673C8bb6826Dca06e1
